Workbook

Sheet README
A1: Entropy-AHP Weighted TOPSIS: Learning Workbook
A2: A transparent reproduction scaffold for Chen (2020), using visible formulas and published inputs.
A4: Purpose
A5: This workbook separates raw data, entropy calculations, published AHP inputs, combined weights, TOPSIS calculations, and validation. Blue text marks hardcoded source inputs; green text marks formulas linked to another sheet; black text marks formulas calculated within the current sheet.
A9: Workbook Map
A10: Sheet | B10: What it shows | C10: Primary learning question
A11: Raw_Data | B11: Paper's five suppliers and seven criteria | C11: What information enters the model?
A12: Entropy_Calc | B12: Direction-aware rescaling, proportions, entropy, and local weights | C12: Which criteria distinguish suppliers?
A13: AHP | B13: Published subjective facet and local weights | C13: What did the experts prioritize?
A14: Combined_Weights | B14: Multiplicative entropy-AHP combination | C14: How are objective and subjective weights reconciled?
A15: TOPSIS | B15: Equation-consistent normalization, ideals, distances, and ranking | C15: What follows when every published weight is applied consistently?
A16: Published_Path | B16: Reconstruction of the paper's displayed TOPSIS output | C16: Which apparent cell-reference pattern reproduces the paper?
A17: Validation | B17: Published-versus-reproduced checks | C17: Did the workbook reproduce the paper?
A18: Methodological Notes
A19: 1. The paper does not publish the original expert pairwise-comparison matrices or consistency ratios. This workbook therefore treats the published AHP weights as sourced inputs.
A20: 2. The paper's TOPSIS calculation uses column-sum normalization (each value divided by its criterion-column sum). The workbook matches that choice. Vector normalization remains a common TOPSIS alternative for later robustness testing.
A21: 3. The entropy equations reproduce the Product Satisfaction and Service Level local weights closely, but the published Supply Innovation local weights do not match a direct recalculation from the displayed raw data and equations. The published values are retained in the reproduction path and the discrepancy is flagged.
A22: 4. Applying the paper's final criterion weights consistently produces a different ranking. The published ranking is reproduced only by recreating an apparent reference error in the displayed weighted matrix: market share uses the price weight, while A1 price uses the market-share weight.
A23: 5. Synthetic robotics data should not be mixed into this paper-reproduction workbook. It belongs in a separate extension after the published result is reproduced.
A26: Source
A27: Chun-Ho Chen (2020), 'A Novel Multi-Criteria Decision-Making Model for Building Material Supplier Selection Based on Entropy-AHP Weighted TOPSIS,' Entropy 22(2), 259. https://doi.org/10.3390/e22020259

Sheet Raw_Data
A1: Raw Decision Matrix
A2: Hardcoded values transcribed from the paper's Step 1 decision matrix.
A4: Code | B4: C1 | C4: C2 | D4: C3 | E4: C4 | F4: C5 | G4: C6 | H4: C7
A5: Criterion | B5: Qualified-product rate | C5: Product price | D5: Product market share | E5: Supply capacity | F5: New-product development rate | G5: Delivery time | H5: On-time delivery ratio
A6: Facet | B6: Product Satisfaction | C6: Product Satisfaction | D6: Product Satisfaction | E6: Supply Innovation | F6: Supply Innovation | G6: Service Level | H6: Service Level
A7: Direction | B7: Benefit | C7: Cost | D7: Benefit | E7: Benefit | F7: Benefit | G7: Cost | H7: Benefit
A8: Unit | B8: ratio | C8: thousand dollars | D8: ratio | E8: kg/time | F8: ratio | G8: days | H8: ratio
A10: A1 | B10: 0.95 | C10: 36 | D10: 0.19 | E10: 53 | F10: 0.73 | G10: 11 | H10: 0.93
A11: A2 | B11: 0.98 | C11: 39 | D11: 0.17 | E11: 52 | F11: 0.75 | G11: 13 | H11: 0.89
A12: A3 | B12: 0.93 | C12: 33 | D12: 0.21 | E12: 57 | F12: 0.69 | G12: 11 | H12: 0.92
A13: A4 | B13: 0.91 | C13: 37 | D13: 0.23 | E13: 56 | F13: 0.77 | G13: 12 | H13: 0.87
A14: A5 | B14: 0.92 | C14: 35 | D14: 0.16 | E14: 51 | F14: 0.76 | G14: 10 | H14: 0.86
A16: Column sum | B16: =SUM(B$10:B$14) -> 4.69 | C16: =SUM(C$10:C$14) -> 180 | D16: =SUM(D$10:D$14) -> 0.96 | E16: =SUM(E$10:E$14) -> 269 | F16: =SUM(F$10:F$14) -> 3.7 | G16: =SUM(G$10:G$14) -> 57 | H16: =SUM(H$10:H$14) -> 4.47
A17: Minimum | B17: =MIN(B$10:B$14) -> 0.91 | C17: =MIN(C$10:C$14) -> 33 | D17: =MIN(D$10:D$14) -> 0.16 | E17: =MIN(E$10:E$14) -> 51 | F17: =MIN(F$10:F$14) -> 0.69 | G17: =MIN(G$10:G$14) -> 10 | H17: =MIN(H$10:H$14) -> 0.86
A18: Maximum | B18: =MAX(B$10:B$14) -> 0.98 | C18: =MAX(C$10:C$14) -> 39 | D18: =MAX(D$10:D$14) -> 0.23 | E18: =MAX(E$10:E$14) -> 57 | F18: =MAX(F$10:F$14) -> 0.77 | G18: =MAX(G$10:G$14) -> 13 | H18: =MAX(H$10:H$14) -> 0.93
A19: Vector norm (learning reference) | B19: =SQRT(SUMSQ(B$10:B$14)) -> 2.0981659 | C19: =SQRT(SUMSQ(C$10:C$14)) -> 80.622577 | D19: =SQRT(SUMSQ(D$10:D$14)) -> 0.43312816 | E19: =SQRT(SUMSQ(E$10:E$14)) -> 120.41179 | F19: =SQRT(SUMSQ(F$10:F$14)) -> 1.6558985 | G19: =SQRT(SUMSQ(G$10:G$14)) -> 25.592968 | H19: =SQRT(SUMSQ(H$10:H$14)) -> 1.999975

Sheet Entropy_Calc
A1: Entropy Weight Calculation
A2: Formula-driven recalculation from the paper's raw supplier data.
A4: A. Direction-Aware Min-Max Rescaling
A5: Supplier | B5: =Raw_Data!B$4 -> C1 | C5: =Raw_Data!C$4 -> C2 | D5: =Raw_Data!D$4 -> C3 | E5: =Raw_Data!E$4 -> C4 | F5: =Raw_Data!F$4 -> C5 | G5: =Raw_Data!G$4 -> C6 | H5: =Raw_Data!H$4 -> C7
A6: =Raw_Data!A10 -> A1 | B6: =IF(Raw_Data!B$7="Benefit",IFERROR((Raw_Data!B10-Raw_Data!B$17)/(Raw_Data!B$18-Raw_Data!B$17),0),IFERROR((Raw_Data!B$18-Raw_Data!B10)/(Raw_Data!B$18-Raw_Data!B$17),0)) -> 0.57142857 | C6: =IF(Raw_Data!C$7="Benefit",IFERROR((Raw_Data!C10-Raw_Data!C$17)/(Raw_Data!C$18-Raw_Data!C$17),0),IFERROR((Raw_Data!C$18-Raw_Data!C10)/(Raw_Data!C$18-Raw_Data!C$17),0)) -> 0.5 | D6: =IF(Raw_Data!D$7="Benefit",IFERROR((Raw_Data!D10-Raw_Data!D$17)/(Raw_Data!D$18-Raw_Data!D$17),0),IFERROR((Raw_Data!D$18-Raw_Data!D10)/(Raw_Data!D$18-Raw_Data!D$17),0)) -> 0.42857143 | E6: =IF(Raw_Data!E$7="Benefit",IFERROR((Raw_Data!E10-Raw_Data!E$17)/(Raw_Data!E$18-Raw_Data!E$17),0),IFERROR((Raw_Data!E$18-Raw_Data!E10)/(Raw_Data!E$18-Raw_Data!E$17),0)) -> 0.33333333 | F6: =IF(Raw_Data!F$7="Benefit",IFERROR((Raw_Data!F10-Raw_Data!F$17)/(Raw_Data!F$18-Raw_Data!F$17),0),IFERROR((Raw_Data!F$18-Raw_Data!F10)/(Raw_Data!F$18-Raw_Data!F$17),0)) -> 0.5 | G6: =IF(Raw_Data!G$7="Benefit",IFERROR((Raw_Data!G10-Raw_Data!G$17)/(Raw_Data!G$18-Raw_Data!G$17),0),IFERROR((Raw_Data!G$18-Raw_Data!G10)/(Raw_Data!G$18-Raw_Data!G$17),0)) -> 0.66666667 | H6: =IF(Raw_Data!H$7="Benefit",IFERROR((Raw_Data!H10-Raw_Data!H$17)/(Raw_Data!H$18-Raw_Data!H$17),0),IFERROR((Raw_Data!H$18-Raw_Data!H10)/(Raw_Data!H$18-Raw_Data!H$17),0)) -> 1
A7: =Raw_Data!A11 -> A2 | B7: =IF(Raw_Data!B$7="Benefit",IFERROR((Raw_Data!B11-Raw_Data!B$17)/(Raw_Data!B$18-Raw_Data!B$17),0),IFERROR((Raw_Data!B$18-Raw_Data!B11)/(Raw_Data!B$18-Raw_Data!B$17),0)) -> 1 | C7: =IF(Raw_Data!C$7="Benefit",IFERROR((Raw_Data!C11-Raw_Data!C$17)/(Raw_Data!C$18-Raw_Data!C$17),0),IFERROR((Raw_Data!C$18-Raw_Data!C11)/(Raw_Data!C$18-Raw_Data!C$17),0)) -> 0 | D7: =IF(Raw_Data!D$7="Benefit",IFERROR((Raw_Data!D11-Raw_Data!D$17)/(Raw_Data!D$18-Raw_Data!D$17),0),IFERROR((Raw_Data!D$18-Raw_Data!D11)/(Raw_Data!D$18-Raw_Data!D$17),0)) -> 0.14285714 | E7: =IF(Raw_Data!E$7="Benefit",IFERROR((Raw_Data!E11-Raw_Data!E$17)/(Raw_Data!E$18-Raw_Data!E$17),0),IFERROR((Raw_Data!E$18-Raw_Data!E11)/(Raw_Data!E$18-Raw_Data!E$17),0)) -> 0.16666667 | F7: =IF(Raw_Data!F$7="Benefit",IFERROR((Raw_Data!F11-Raw_Data!F$17)/(Raw_Data!F$18-Raw_Data!F$17),0),IFERROR((Raw_Data!F$18-Raw_Data!F11)/(Raw_Data!F$18-Raw_Data!F$17),0)) -> 0.75 | G7: =IF(Raw_Data!G$7="Benefit",IFERROR((Raw_Data!G11-Raw_Data!G$17)/(Raw_Data!G$18-Raw_Data!G$17),0),IFERROR((Raw_Data!G$18-Raw_Data!G11)/(Raw_Data!G$18-Raw_Data!G$17),0)) -> 0 | H7: =IF(Raw_Data!H$7="Benefit",IFERROR((Raw_Data!H11-Raw_Data!H$17)/(Raw_Data!H$18-Raw_Data!H$17),0),IFERROR((Raw_Data!H$18-Raw_Data!H11)/(Raw_Data!H$18-Raw_Data!H$17),0)) -> 0.42857143
A8: =Raw_Data!A12 -> A3 | B8: =IF(Raw_Data!B$7="Benefit",IFERROR((Raw_Data!B12-Raw_Data!B$17)/(Raw_Data!B$18-Raw_Data!B$17),0),IFERROR((Raw_Data!B$18-Raw_Data!B12)/(Raw_Data!B$18-Raw_Data!B$17),0)) -> 0.28571429 | C8: =IF(Raw_Data!C$7="Benefit",IFERROR((Raw_Data!C12-Raw_Data!C$17)/(Raw_Data!C$18-Raw_Data!C$17),0),IFERROR((Raw_Data!C$18-Raw_Data!C12)/(Raw_Data!C$18-Raw_Data!C$17),0)) -> 1 | D8: =IF(Raw_Data!D$7="Benefit",IFERROR((Raw_Data!D12-Raw_Data!D$17)/(Raw_Data!D$18-Raw_Data!D$17),0),IFERROR((Raw_Data!D$18-Raw_Data!D12)/(Raw_Data!D$18-Raw_Data!D$17),0)) -> 0.71428571 | E8: =IF(Raw_Data!E$7="Benefit",IFERROR((Raw_Data!E12-Raw_Data!E$17)/(Raw_Data!E$18-Raw_Data!E$17),0),IFERROR((Raw_Data!E$18-Raw_Data!E12)/(Raw_Data!E$18-Raw_Data!E$17),0)) -> 1 | F8: =IF(Raw_Data!F$7="Benefit",IFERROR((Raw_Data!F12-Raw_Data!F$17)/(Raw_Data!F$18-Raw_Data!F$17),0),IFERROR((Raw_Data!F$18-Raw_Data!F12)/(Raw_Data!F$18-Raw_Data!F$17),0)) -> 0 | G8: =IF(Raw_Data!G$7="Benefit",IFERROR((Raw_Data!G12-Raw_Data!G$17)/(Raw_Data!G$18-Raw_Data!G$17),0),IFERROR((Raw_Data!G$18-Raw_Data!G12)/(Raw_Data!G$18-Raw_Data!G$17),0)) -> 0.66666667 | H8: =IF(Raw_Data!H$7="Benefit",IFERROR((Raw_Data!H12-Raw_Data!H$17)/(Raw_Data!H$18-Raw_Data!H$17),0),IFERROR((Raw_Data!H$18-Raw_Data!H12)/(Raw_Data!H$18-Raw_Data!H$17),0)) -> 0.85714286
A9: =Raw_Data!A13 -> A4 | B9: =IF(Raw_Data!B$7="Benefit",IFERROR((Raw_Data!B13-Raw_Data!B$17)/(Raw_Data!B$18-Raw_Data!B$17),0),IFERROR((Raw_Data!B$18-Raw_Data!B13)/(Raw_Data!B$18-Raw_Data!B$17),0)) -> 0 | C9: =IF(Raw_Data!C$7="Benefit",IFERROR((Raw_Data!C13-Raw_Data!C$17)/(Raw_Data!C$18-Raw_Data!C$17),0),IFERROR((Raw_Data!C$18-Raw_Data!C13)/(Raw_Data!C$18-Raw_Data!C$17),0)) -> 0.33333333 | D9: =IF(Raw_Data!D$7="Benefit",IFERROR((Raw_Data!D13-Raw_Data!D$17)/(Raw_Data!D$18-Raw_Data!D$17),0),IFERROR((Raw_Data!D$18-Raw_Data!D13)/(Raw_Data!D$18-Raw_Data!D$17),0)) -> 1 | E9: =IF(Raw_Data!E$7="Benefit",IFERROR((Raw_Data!E13-Raw_Data!E$17)/(Raw_Data!E$18-Raw_Data!E$17),0),IFERROR((Raw_Data!E$18-Raw_Data!E13)/(Raw_Data!E$18-Raw_Data!E$17),0)) -> 0.83333333 | F9: =IF(Raw_Data!F$7="Benefit",IFERROR((Raw_Data!F13-Raw_Data!F$17)/(Raw_Data!F$18-Raw_Data!F$17),0),IFERROR((Raw_Data!F$18-Raw_Data!F13)/(Raw_Data!F$18-Raw_Data!F$17),0)) -> 1 | G9: =IF(Raw_Data!G$7="Benefit",IFERROR((Raw_Data!G13-Raw_Data!G$17)/(Raw_Data!G$18-Raw_Data!G$17),0),IFERROR((Raw_Data!G$18-Raw_Data!G13)/(Raw_Data!G$18-Raw_Data!G$17),0)) -> 0.33333333 | H9: =IF(Raw_Data!H$7="Benefit",IFERROR((Raw_Data!H13-Raw_Data!H$17)/(Raw_Data!H$18-Raw_Data!H$17),0),IFERROR((Raw_Data!H$18-Raw_Data!H13)/(Raw_Data!H$18-Raw_Data!H$17),0)) -> 0.14285714
A10: =Raw_Data!A14 -> A5 | B10: =IF(Raw_Data!B$7="Benefit",IFERROR((Raw_Data!B14-Raw_Data!B$17)/(Raw_Data!B$18-Raw_Data!B$17),0),IFERROR((Raw_Data!B$18-Raw_Data!B14)/(Raw_Data!B$18-Raw_Data!B$17),0)) -> 0.14285714 | C10: =IF(Raw_Data!C$7="Benefit",IFERROR((Raw_Data!C14-Raw_Data!C$17)/(Raw_Data!C$18-Raw_Data!C$17),0),IFERROR((Raw_Data!C$18-Raw_Data!C14)/(Raw_Data!C$18-Raw_Data!C$17),0)) -> 0.66666667 | D10: =IF(Raw_Data!D$7="Benefit",IFERROR((Raw_Data!D14-Raw_Data!D$17)/(Raw_Data!D$18-Raw_Data!D$17),0),IFERROR((Raw_Data!D$18-Raw_Data!D14)/(Raw_Data!D$18-Raw_Data!D$17),0)) -> 0 | E10: =IF(Raw_Data!E$7="Benefit",IFERROR((Raw_Data!E14-Raw_Data!E$17)/(Raw_Data!E$18-Raw_Data!E$17),0),IFERROR((Raw_Data!E$18-Raw_Data!E14)/(Raw_Data!E$18-Raw_Data!E$17),0)) -> 0 | F10: =IF(Raw_Data!F$7="Benefit",IFERROR((Raw_Data!F14-Raw_Data!F$17)/(Raw_Data!F$18-Raw_Data!F$17),0),IFERROR((Raw_Data!F$18-Raw_Data!F14)/(Raw_Data!F$18-Raw_Data!F$17),0)) -> 0.875 | G10: =IF(Raw_Data!G$7="Benefit",IFERROR((Raw_Data!G14-Raw_Data!G$17)/(Raw_Data!G$18-Raw_Data!G$17),0),IFERROR((Raw_Data!G$18-Raw_Data!G14)/(Raw_Data!G$18-Raw_Data!G$17),0)) -> 1 | H10: =IF(Raw_Data!H$7="Benefit",IFERROR((Raw_Data!H14-Raw_Data!H$17)/(Raw_Data!H$18-Raw_Data!H$17),0),IFERROR((Raw_Data!H$18-Raw_Data!H14)/(Raw_Data!H$18-Raw_Data!H$17),0)) -> 0
A12: B. Proportions Within Each Criterion
A13: Supplier | B13: =B$5 -> C1 | C13: =C$5 -> C2 | D13: =D$5 -> C3 | E13: =E$5 -> C4 | F13: =F$5 -> C5 | G13: =G$5 -> C6 | H13: =H$5 -> C7
A14: =A6 -> A1 | B14: =IF(SUM(B$6:B$10)=0,0,B6/SUM(B$6:B$10)) -> 0.28571429 | C14: =IF(SUM(C$6:C$10)=0,0,C6/SUM(C$6:C$10)) -> 0.2 | D14: =IF(SUM(D$6:D$10)=0,0,D6/SUM(D$6:D$10)) -> 0.1875 | E14: =IF(SUM(E$6:E$10)=0,0,E6/SUM(E$6:E$10)) -> 0.14285714 | F14: =IF(SUM(F$6:F$10)=0,0,F6/SUM(F$6:F$10)) -> 0.16 | G14: =IF(SUM(G$6:G$10)=0,0,G6/SUM(G$6:G$10)) -> 0.25 | H14: =IF(SUM(H$6:H$10)=0,0,H6/SUM(H$6:H$10)) -> 0.41176471
A15: =A7 -> A2 | B15: =IF(SUM(B$6:B$10)=0,0,B7/SUM(B$6:B$10)) -> 0.5 | C15: =IF(SUM(C$6:C$10)=0,0,C7/SUM(C$6:C$10)) -> 0 | D15: =IF(SUM(D$6:D$10)=0,0,D7/SUM(D$6:D$10)) -> 0.0625 | E15: =IF(SUM(E$6:E$10)=0,0,E7/SUM(E$6:E$10)) -> 0.071428571 | F15: =IF(SUM(F$6:F$10)=0,0,F7/SUM(F$6:F$10)) -> 0.24 | G15: =IF(SUM(G$6:G$10)=0,0,G7/SUM(G$6:G$10)) -> 0 | H15: =IF(SUM(H$6:H$10)=0,0,H7/SUM(H$6:H$10)) -> 0.17647059
A16: =A8 -> A3 | B16: =IF(SUM(B$6:B$10)=0,0,B8/SUM(B$6:B$10)) -> 0.14285714 | C16: =IF(SUM(C$6:C$10)=0,0,C8/SUM(C$6:C$10)) -> 0.4 | D16: =IF(SUM(D$6:D$10)=0,0,D8/SUM(D$6:D$10)) -> 0.3125 | E16: =IF(SUM(E$6:E$10)=0,0,E8/SUM(E$6:E$10)) -> 0.42857143 | F16: =IF(SUM(F$6:F$10)=0,0,F8/SUM(F$6:F$10)) -> 0 | G16: =IF(SUM(G$6:G$10)=0,0,G8/SUM(G$6:G$10)) -> 0.25 | H16: =IF(SUM(H$6:H$10)=0,0,H8/SUM(H$6:H$10)) -> 0.35294118
A17: =A9 -> A4 | B17: =IF(SUM(B$6:B$10)=0,0,B9/SUM(B$6:B$10)) -> 0 | C17: =IF(SUM(C$6:C$10)=0,0,C9/SUM(C$6:C$10)) -> 0.13333333 | D17: =IF(SUM(D$6:D$10)=0,0,D9/SUM(D$6:D$10)) -> 0.4375 | E17: =IF(SUM(E$6:E$10)=0,0,E9/SUM(E$6:E$10)) -> 0.35714286 | F17: =IF(SUM(F$6:F$10)=0,0,F9/SUM(F$6:F$10)) -> 0.32 | G17: =IF(SUM(G$6:G$10)=0,0,G9/SUM(G$6:G$10)) -> 0.125 | H17: =IF(SUM(H$6:H$10)=0,0,H9/SUM(H$6:H$10)) -> 0.058823529
A18: =A10 -> A5 | B18: =IF(SUM(B$6:B$10)=0,0,B10/SUM(B$6:B$10)) -> 0.071428571 | C18: =IF(SUM(C$6:C$10)=0,0,C10/SUM(C$6:C$10)) -> 0.26666667 | D18: =IF(SUM(D$6:D$10)=0,0,D10/SUM(D$6:D$10)) -> 0 | E18: =IF(SUM(E$6:E$10)=0,0,E10/SUM(E$6:E$10)) -> 0 | F18: =IF(SUM(F$6:F$10)=0,0,F10/SUM(F$6:F$10)) -> 0.28 | G18: =IF(SUM(G$6:G$10)=0,0,G10/SUM(G$6:G$10)) -> 0.375 | H18: =IF(SUM(H$6:H$10)=0,0,H10/SUM(H$6:H$10)) -> 0
A20: C. Entropy, Information Utility, and Local Weights
A22: Entropy e(j) | B22: =-(1/LN(5))*(IF(B14=0,0,B14*LN(B14))+IF(B15=0,0,B15*LN(B15))+IF(B16=0,0,B16*LN(B16))+IF(B17=0,0,B17*LN(B17))+IF(B18=0,0,B18*LN(B18))) -> 0.72758142 | C22: =-(1/LN(5))*(IF(C14=0,0,C14*LN(C14))+IF(C15=0,0,C15*LN(C15))+IF(C16=0,0,C16*LN(C16))+IF(C17=0,0,C17*LN(C17))+IF(C18=0,0,C18*LN(C18))) -> 0.81365415 | D22: =-(1/LN(5))*(IF(D14=0,0,D14*LN(D14))+IF(D15=0,0,D15*LN(D15))+IF(D16=0,0,D16*LN(D16))+IF(D17=0,0,D17*LN(D17))+IF(D18=0,0,D18*LN(D18))) -> 0.75325297 | E22: =-(1/LN(5))*(IF(E14=0,0,E14*LN(E14))+IF(E15=0,0,E15*LN(E15))+IF(E16=0,0,E16*LN(E16))+IF(E17=0,0,E17*LN(E17))+IF(E18=0,0,E18*LN(E18))) -> 0.74394925 | F22: =-(1/LN(5))*(IF(F14=0,0,F14*LN(F14))+IF(F15=0,0,F15*LN(F15))+IF(F16=0,0,F16*LN(F16))+IF(F17=0,0,F17*LN(F17))+IF(F18=0,0,F18*LN(F18))) -> 0.8430088 | G22: =-(1/LN(5))*(IF(G14=0,0,G14*LN(G14))+IF(G15=0,0,G15*LN(G15))+IF(G16=0,0,G16*LN(G16))+IF(G17=0,0,G17*LN(G17))+IF(G18=0,0,G18*LN(G18))) -> 0.82071407 | H22: =-(1/LN(5))*(IF(H14=0,0,H14*LN(H14))+IF(H15=0,0,H15*LN(H15))+IF(H16=0,0,H16*LN(H16))+IF(H17=0,0,H17*LN(H17))+IF(H18=0,0,H18*LN(H18))) -> 0.74914215
A23: Information utility 1-e(j) | B23: =1-B22 -> 0.27241858 | C23: =1-C22 -> 0.18634585 | D23: =1-D22 -> 0.24674703 | E23: =1-E22 -> 0.25605075 | F23: =1-F22 -> 0.1569912 | G23: =1-G22 -> 0.17928593 | H23: =1-H22 -> 0.25085785
A24: Recalculated local weight | B24: =B23/($B$23+$C$23+$D$23) -> 0.3861292 | C24: =C23/($B$23+$C$23+$D$23) -> 0.26412874 | D24: =D23/($B$23+$C$23+$D$23) -> 0.34974206 | E24: =E23/($E$23+$F$23) -> 0.61991463 | F24: =F23/($E$23+$F$23) -> 0.38008537 | G24: =G23/($G$23+$H$23) -> 0.41680465 | H24: =H23/($G$23+$H$23) -> 0.58319535
A25: Published local weight | B25: 0.3862 | C25: 0.2641 | D25: 0.3497 | E25: 0.4658 | F25: 0.5342 | G25: 0.4168 | H25: 0.5832
A26: Difference: recalculated - published | B26: =B24-B25 -> -7.0799123e-05 | C26: =C24-C25 -> 2.8735942e-05 | D26: =D24-D25 -> 4.2063181e-05 | E26: =E24-E25 -> 0.15411463 | F26: =F24-F25 -> -0.15411463 | G26: =G24-G25 -> 4.6487456e-06 | H26: =H24-H25 -> -4.6487456e-06
A28: D. Published Facet Entropy Weights
A29: Facet | B29: Published entropy weight | C29: Source status
A30: Product Satisfaction | B30: 0.4426 | C30: Published input; intermediate Category 4 matrix not shown
A31: Supply Innovation | B31: 0.2592 | C31: Published input; intermediate Category 4 matrix not shown
A32: Service Level | B32: 0.2982 | C32: Published input; intermediate Category 4 matrix not shown
A34: Interpretation note | B34: Entropy assigns one weight to each criterion based on variation across all five suppliers. It does not assign a different weight to each supplier. A near-zero difference in row 26 indicates that the displayed equations reproduce the published local weight.

Sheet AHP
A1: Published AHP Weights
A2: The paper reports final weights but omits the underlying expert pairwise matrices and consistency ratios.
A4: Facet | B4: Facet AHP weight | C4: Criterion | D4: Local AHP weight | E4: Global AHP weight | F4: Global % | G4: Reproducibility note
A5: Product Satisfaction | B5: 0.3916 | C5: Qualified-product rate | D5: 0.4125 | E5: =B5*D5 -> 0.161535 | F5: =E5 -> 0.161535 | G5: Raw expert comparisons unavailable
A6: Product Satisfaction | B6: 0.3916 | C6: Product price | D6: 0.3759 | E6: =B6*D6 -> 0.14720244 | F6: =E6 -> 0.14720244 | G6: Raw expert comparisons unavailable
A7: Product Satisfaction | B7: 0.3916 | C7: Product market share | D7: 0.2116 | E7: =B7*D7 -> 0.08286256 | F7: =E7 -> 0.08286256 | G7: Raw expert comparisons unavailable
A8: Supply Innovation | B8: 0.2815 | C8: Supply capacity | D8: 0.5293 | E8: =B8*D8 -> 0.14899795 | F8: =E8 -> 0.14899795 | G8: Raw expert comparisons unavailable
A9: Supply Innovation | B9: 0.2815 | C9: New-product development rate | D9: 0.4707 | E9: =B9*D9 -> 0.13250205 | F9: =E9 -> 0.13250205 | G9: Raw expert comparisons unavailable
A10: Service Level | B10: 0.3269 | C10: Delivery time | D10: 0.3917 | E10: =B10*D10 -> 0.12804673 | F10: =E10 -> 0.12804673 | G10: Raw expert comparisons unavailable
A11: Service Level | B11: 0.3269 | C11: On-time delivery ratio | D11: 0.6083 | E11: =B11*D11 -> 0.19885327 | F11: =E11 -> 0.19885327 | G11: Raw expert comparisons unavailable
A13: Check: global weights total | E13: =SUM(E5:E11) -> 1 | F13: =E13 -> 1

Sheet Combined_Weights
A1: Combined Entropy-AHP Weights
A2: Multiply corresponding weights, normalize within each hierarchy level, then calculate global criterion weights.
A4: A. Facet-Level Combination
A5: Facet | B5: Entropy | C5: AHP | D5: Product | E5: Product total | F5: Combined facet weight | G5: Published | H5: Difference | I5: Check
A6: Product Satisfaction | B6: =Entropy_Calc!B30 -> 0.4426 | C6: =AHP!B5 -> 0.3916 | D6: =B6*C6 -> 0.17332216 | E6: =SUM($D$6:$D$8) -> 0.34376854 | F6: =ROUND(D6/E6,4) -> 0.5042 | G6: 0.5042 | H6: =F6-G6 -> 0 | I6: =IF(ABS(H6)<0.00015,"PASS","CHECK") -> PASS
A7: Supply Innovation | B7: =Entropy_Calc!B31 -> 0.2592 | C7: =AHP!B8 -> 0.2815 | D7: =B7*C7 -> 0.0729648 | E7: =SUM($D$6:$D$8) -> 0.34376854 | F7: =ROUND(D7/E7,4) -> 0.2122 | G7: 0.2122 | H7: =F7-G7 -> 0 | I7: =IF(ABS(H7)<0.00015,"PASS","CHECK") -> PASS
A8: Service Level | B8: =Entropy_Calc!B32 -> 0.2982 | C8: =AHP!B10 -> 0.3269 | D8: =B8*C8 -> 0.09748158 | E8: =SUM($D$6:$D$8) -> 0.34376854 | F8: =ROUND(D8/E8,4) -> 0.2836 | G8: 0.2836 | H8: =F8-G8 -> 0 | I8: =IF(ABS(H8)<0.00015,"PASS","CHECK") -> PASS
A11: B. Criterion-Level Combination and Global Weights
A12: Criterion | B12: Facet | C12: Entropy local | D12: AHP local | E12: Product | F12: Combined local | G12: Combined facet | H12: Final global | I12: Published global
A13: Qualified-product rate | B13: Product Satisfaction | C13: =Entropy_Calc!B25 -> 0.3862 | D13: =AHP!D5 -> 0.4125 | E13: =C13*D13 -> 0.1593075 | F13: =ROUND(E13/SUM($E$13:$E$15),4) -> 0.479 | G13: =$F$6 -> 0.5042 | H13: =ROUND(F13*G13,4) -> 0.2415 | I13: 0.2415
A14: Product price | B14: Product Satisfaction | C14: =Entropy_Calc!C25 -> 0.2641 | D14: =AHP!D6 -> 0.3759 | E14: =C14*D14 -> 0.09927519 | F14: =ROUND(E14/SUM($E$13:$E$15),4) -> 0.2985 | G14: =$F$6 -> 0.5042 | H14: =ROUND(F14*G14,4) -> 0.1505 | I14: 0.1505
A15: Product market share | B15: Product Satisfaction | C15: =Entropy_Calc!D25 -> 0.3497 | D15: =AHP!D7 -> 0.2116 | E15: =C15*D15 -> 0.07399652 | F15: =ROUND(E15/SUM($E$13:$E$15),4) -> 0.2225 | G15: =$F$6 -> 0.5042 | H15: =ROUND(F15*G15,4) -> 0.1122 | I15: 0.1122
A16: Supply capacity | B16: Supply Innovation | C16: =Entropy_Calc!E25 -> 0.4658 | D16: =AHP!D8 -> 0.5293 | E16: =C16*D16 -> 0.24654794 | F16: =ROUND(E16/SUM($E$16:$E$17),4) -> 0.4951 | G16: =$F$7 -> 0.2122 | H16: =ROUND(F16*G16,4) -> 0.1051 | I16: 0.1051
A17: New-product development rate | B17: Supply Innovation | C17: =Entropy_Calc!F25 -> 0.5342 | D17: =AHP!D9 -> 0.4707 | E17: =C17*D17 -> 0.25144794 | F17: =ROUND(E17/SUM($E$16:$E$17),4) -> 0.5049 | G17: =$F$7 -> 0.2122 | H17: =ROUND(F17*G17,4) -> 0.1071 | I17: 0.1071
A18: Delivery time | B18: Service Level | C18: =Entropy_Calc!G25 -> 0.4168 | D18: =AHP!D10 -> 0.3917 | E18: =C18*D18 -> 0.16326056 | F18: =ROUND(E18/SUM($E$18:$E$19),4) -> 0.3152 | G18: =$F$8 -> 0.2836 | H18: =ROUND(F18*G18,4) -> 0.0894 | I18: 0.0894
A19: On-time delivery ratio | B19: Service Level | C19: =Entropy_Calc!H25 -> 0.5832 | D19: =AHP!D11 -> 0.6083 | E19: =C19*D19 -> 0.35476056 | F19: =ROUND(E19/SUM($E$18:$E$19),4) -> 0.6848 | G19: =$F$8 -> 0.2836 | H19: =ROUND(F19*G19,4) -> 0.1942 | I19: 0.1942
A21: Check: final weights total | H21: =SUM(H13:H19) -> 1 | I21: =SUM(I13:I19) -> 1

Sheet TOPSIS
A1: Equation-Consistent TOPSIS
A2: This sheet applies every published final criterion weight consistently after the paper's column-sum normalization.
A4: A. Column-Sum Normalized Decision Matrix (Paper Method)
A5: Supplier | B5: =Raw_Data!B$4 -> C1 | C5: =Raw_Data!C$4 -> C2 | D5: =Raw_Data!D$4 -> C3 | E5: =Raw_Data!E$4 -> C4 | F5: =Raw_Data!F$4 -> C5 | G5: =Raw_Data!G$4 -> C6 | H5: =Raw_Data!H$4 -> C7
A6: =Raw_Data!A10 -> A1 | B6: =Raw_Data!B10/Raw_Data!B$16 -> 0.20255864 | C6: =Raw_Data!C10/Raw_Data!C$16 -> 0.2 | D6: =Raw_Data!D10/Raw_Data!D$16 -> 0.19791667 | E6: =Raw_Data!E10/Raw_Data!E$16 -> 0.19702602 | F6: =Raw_Data!F10/Raw_Data!F$16 -> 0.1972973 | G6: =Raw_Data!G10/Raw_Data!G$16 -> 0.19298246 | H6: =Raw_Data!H10/Raw_Data!H$16 -> 0.20805369
A7: =Raw_Data!A11 -> A2 | B7: =Raw_Data!B11/Raw_Data!B$16 -> 0.20895522 | C7: =Raw_Data!C11/Raw_Data!C$16 -> 0.21666667 | D7: =Raw_Data!D11/Raw_Data!D$16 -> 0.17708333 | E7: =Raw_Data!E11/Raw_Data!E$16 -> 0.19330855 | F7: =Raw_Data!F11/Raw_Data!F$16 -> 0.2027027 | G7: =Raw_Data!G11/Raw_Data!G$16 -> 0.22807018 | H7: =Raw_Data!H11/Raw_Data!H$16 -> 0.19910515
A8: =Raw_Data!A12 -> A3 | B8: =Raw_Data!B12/Raw_Data!B$16 -> 0.19829424 | C8: =Raw_Data!C12/Raw_Data!C$16 -> 0.18333333 | D8: =Raw_Data!D12/Raw_Data!D$16 -> 0.21875 | E8: =Raw_Data!E12/Raw_Data!E$16 -> 0.21189591 | F8: =Raw_Data!F12/Raw_Data!F$16 -> 0.18648649 | G8: =Raw_Data!G12/Raw_Data!G$16 -> 0.19298246 | H8: =Raw_Data!H12/Raw_Data!H$16 -> 0.20581655
A9: =Raw_Data!A13 -> A4 | B9: =Raw_Data!B13/Raw_Data!B$16 -> 0.19402985 | C9: =Raw_Data!C13/Raw_Data!C$16 -> 0.20555556 | D9: =Raw_Data!D13/Raw_Data!D$16 -> 0.23958333 | E9: =Raw_Data!E13/Raw_Data!E$16 -> 0.20817844 | F9: =Raw_Data!F13/Raw_Data!F$16 -> 0.20810811 | G9: =Raw_Data!G13/Raw_Data!G$16 -> 0.21052632 | H9: =Raw_Data!H13/Raw_Data!H$16 -> 0.19463087
A10: =Raw_Data!A14 -> A5 | B10: =Raw_Data!B14/Raw_Data!B$16 -> 0.19616205 | C10: =Raw_Data!C14/Raw_Data!C$16 -> 0.19444444 | D10: =Raw_Data!D14/Raw_Data!D$16 -> 0.16666667 | E10: =Raw_Data!E14/Raw_Data!E$16 -> 0.18959108 | F10: =Raw_Data!F14/Raw_Data!F$16 -> 0.20540541 | G10: =Raw_Data!G14/Raw_Data!G$16 -> 0.1754386 | H10: =Raw_Data!H14/Raw_Data!H$16 -> 0.19239374
A12: B. Weighted Normalized Matrix
A13: Final weight | B13: =Combined_Weights!H13 -> 0.2415 | C13: =Combined_Weights!H14 -> 0.1505 | D13: =Combined_Weights!H15 -> 0.1122 | E13: =Combined_Weights!H16 -> 0.1051 | F13: =Combined_Weights!H17 -> 0.1071 | G13: =Combined_Weights!H18 -> 0.0894 | H13: =Combined_Weights!H19 -> 0.1942
A14: Direction | B14: =Raw_Data!B$7 -> Benefit | C14: =Raw_Data!C$7 -> Cost | D14: =Raw_Data!D$7 -> Benefit | E14: =Raw_Data!E$7 -> Benefit | F14: =Raw_Data!F$7 -> Benefit | G14: =Raw_Data!G$7 -> Cost | H14: =Raw_Data!H$7 -> Benefit
A15: Supplier | B15: =B$5 -> C1 | C15: =C$5 -> C2 | D15: =D$5 -> C3 | E15: =E$5 -> C4 | F15: =F$5 -> C5 | G15: =G$5 -> C6 | H15: =H$5 -> C7
A16: =A6 -> A1 | B16: =B6*B$13 -> 0.04891791 | C16: =C6*C$13 -> 0.0301 | D16: =D6*D$13 -> 0.02220625 | E16: =E6*E$13 -> 0.020707435 | F16: =F6*F$13 -> 0.021130541 | G16: =G6*G$13 -> 0.017252632 | H16: =H6*H$13 -> 0.040404027
A17: =A7 -> A2 | B17: =B7*B$13 -> 0.050462687 | C17: =C7*C$13 -> 0.032608333 | D17: =D7*D$13 -> 0.01986875 | E17: =E7*E$13 -> 0.020316729 | F17: =F7*F$13 -> 0.021709459 | G17: =G7*G$13 -> 0.020389474 | H17: =H7*H$13 -> 0.038666219
A18: =A8 -> A3 | B18: =B8*B$13 -> 0.04788806 | C18: =C8*C$13 -> 0.027591667 | D18: =D8*D$13 -> 0.02454375 | E18: =E8*E$13 -> 0.02227026 | F18: =F8*F$13 -> 0.019972703 | G18: =G8*G$13 -> 0.017252632 | H18: =H8*H$13 -> 0.039969575
A19: =A9 -> A4 | B19: =B9*B$13 -> 0.046858209 | C19: =C9*C$13 -> 0.030936111 | D19: =D9*D$13 -> 0.02688125 | E19: =E9*E$13 -> 0.021879554 | F19: =F9*F$13 -> 0.022288378 | G19: =G9*G$13 -> 0.018821053 | H19: =H9*H$13 -> 0.037797315
A20: =A10 -> A5 | B20: =B10*B$13 -> 0.047373134 | C20: =C10*C$13 -> 0.029263889 | D20: =D10*D$13 -> 0.0187 | E20: =E10*E$13 -> 0.019926022 | F20: =F10*F$13 -> 0.021998919 | G20: =G10*G$13 -> 0.015684211 | H20: =H10*H$13 -> 0.037362864
A22: C. Ideal Solutions and Supplier Distances
A23: Positive ideal | B23: =IF(B$14="Benefit",MAX(B$16:B$20),MIN(B$16:B$20)) -> 0.050462687 | C23: =IF(C$14="Benefit",MAX(C$16:C$20),MIN(C$16:C$20)) -> 0.027591667 | D23: =IF(D$14="Benefit",MAX(D$16:D$20),MIN(D$16:D$20)) -> 0.02688125 | E23: =IF(E$14="Benefit",MAX(E$16:E$20),MIN(E$16:E$20)) -> 0.02227026 | F23: =IF(F$14="Benefit",MAX(F$16:F$20),MIN(F$16:F$20)) -> 0.022288378 | G23: =IF(G$14="Benefit",MAX(G$16:G$20),MIN(G$16:G$20)) -> 0.015684211 | H23: =IF(H$14="Benefit",MAX(H$16:H$20),MIN(H$16:H$20)) -> 0.040404027
A24: Negative ideal | B24: =IF(B$14="Benefit",MIN(B$16:B$20),MAX(B$16:B$20)) -> 0.046858209 | C24: =IF(C$14="Benefit",MIN(C$16:C$20),MAX(C$16:C$20)) -> 0.032608333 | D24: =IF(D$14="Benefit",MIN(D$16:D$20),MAX(D$16:D$20)) -> 0.0187 | E24: =IF(E$14="Benefit",MIN(E$16:E$20),MAX(E$16:E$20)) -> 0.019926022 | F24: =IF(F$14="Benefit",MIN(F$16:F$20),MAX(F$16:F$20)) -> 0.019972703 | G24: =IF(G$14="Benefit",MIN(G$16:G$20),MAX(G$16:G$20)) -> 0.020389474 | H24: =IF(H$14="Benefit",MIN(H$16:H$20),MAX(H$16:H$20)) -> 0.037362864
H26: Supplier | I26: Distance to positive S+ | J26: Distance to negative S- | K26: Closeness | L26: Rank
H27: =A16 -> A1 | I27: =SQRT((B16-B$23)^2+(C16-C$23)^2+(D16-D$23)^2+(E16-E$23)^2+(F16-F$23)^2+(G16-G$23)^2+(H16-H$23)^2) -> 0.0060643755 | J27: =SQRT((B16-B$24)^2+(C16-C$24)^2+(D16-D$24)^2+(E16-E$24)^2+(F16-F$24)^2+(G16-G$24)^2+(H16-H$24)^2) -> 0.0066232577 | K27: =J27/(I27+J27) -> 0.52202468 | L27: =RANK(K27,$K$27:$K$31,0) -> 3
H28: =A17 -> A2 | I28: =SQRT((B17-B$23)^2+(C17-C$23)^2+(D17-D$23)^2+(E17-E$23)^2+(F17-F$23)^2+(G17-G$23)^2+(H17-H$23)^2) -> 0.010181012 | J28: =SQRT((B17-B$24)^2+(C17-C$24)^2+(D17-D$24)^2+(E17-E$24)^2+(F17-F$24)^2+(G17-G$24)^2+(H17-H$24)^2) -> 0.0043847402 | K28: =J28/(I28+J28) -> 0.30103081 | L28: =RANK(K28,$K$27:$K$31,0) -> 5
H29: =A18 -> A3 | I29: =SQRT((B18-B$23)^2+(C18-C$23)^2+(D18-D$23)^2+(E18-E$23)^2+(F18-F$23)^2+(G18-G$23)^2+(H18-H$23)^2) -> 0.0044837101 | J29: =SQRT((B18-B$24)^2+(C18-C$24)^2+(D18-D$24)^2+(E18-E$24)^2+(F18-F$24)^2+(G18-G$24)^2+(H18-H$24)^2) -> 0.0090833433 | K29: =J29/(I29+J29) -> 0.66951482 | L29: =RANK(K29,$K$27:$K$31,0) -> 1
H30: =A19 -> A4 | I30: =SQRT((B19-B$23)^2+(C19-C$23)^2+(D19-D$23)^2+(E19-E$23)^2+(F19-F$23)^2+(G19-G$23)^2+(H19-H$23)^2) -> 0.0064003861 | J30: =SQRT((B19-B$24)^2+(C19-C$24)^2+(D19-D$24)^2+(E19-E$24)^2+(F19-F$24)^2+(G19-G$24)^2+(H19-H$24)^2) -> 0.0090308644 | K30: =J30/(I30+J30) -> 0.58523218 | L30: =RANK(K30,$K$27:$K$31,0) -> 2
H31: =A20 -> A5 | I31: =SQRT((B20-B$23)^2+(C20-C$23)^2+(D20-D$23)^2+(E20-E$23)^2+(F20-F$23)^2+(G20-G$23)^2+(H20-H$23)^2) -> 0.0097006404 | J31: =SQRT((B20-B$24)^2+(C20-C$24)^2+(D20-D$24)^2+(E20-E$24)^2+(F20-F$24)^2+(G20-G$24)^2+(H20-H$24)^2) -> 0.006139667 | K31: =J31/(I31+J31) -> 0.38759772 | L31: =RANK(K31,$K$27:$K$31,0) -> 4

Sheet Published_Path
A1: Published-Output Reconstruction
A2: This sheet transparently recreates the apparent cell-reference pattern needed to match the paper's Tables 7-10.
A4: Important: this is not the equation-consistent application of Table 6. To reproduce the paper's displayed weighted matrix and final ranking, C3 market share is multiplied by the C2 price weight for every supplier, while A1's C2 price value is multiplied by the C3 market-share weight. All other cells use their stated criterion weights. This pattern exactly explains the published matrix and ranking to displayed precision.
A8: A. Weight Actually Applied to Each Cell
A9: Supplier | B9: =TOPSIS!B$5 -> C1 | C9: =TOPSIS!C$5 -> C2 | D9: =TOPSIS!D$5 -> C3 | E9: =TOPSIS!E$5 -> C4 | F9: =TOPSIS!F$5 -> C5 | G9: =TOPSIS!G$5 -> C6 | H9: =TOPSIS!H$5 -> C7
A10: =TOPSIS!A6 -> A1 | B10: =Combined_Weights!H13 -> 0.2415 | C10: =Combined_Weights!H15 -> 0.1122 | D10: =Combined_Weights!H14 -> 0.1505 | E10: =Combined_Weights!H16 -> 0.1051 | F10: =Combined_Weights!H17 -> 0.1071 | G10: =Combined_Weights!H18 -> 0.0894 | H10: =Combined_Weights!H19 -> 0.1942
A11: =TOPSIS!A7 -> A2 | B11: =Combined_Weights!H13 -> 0.2415 | C11: =Combined_Weights!H14 -> 0.1505 | D11: =Combined_Weights!H14 -> 0.1505 | E11: =Combined_Weights!H16 -> 0.1051 | F11: =Combined_Weights!H17 -> 0.1071 | G11: =Combined_Weights!H18 -> 0.0894 | H11: =Combined_Weights!H19 -> 0.1942
A12: =TOPSIS!A8 -> A3 | B12: =Combined_Weights!H13 -> 0.2415 | C12: =Combined_Weights!H14 -> 0.1505 | D12: =Combined_Weights!H14 -> 0.1505 | E12: =Combined_Weights!H16 -> 0.1051 | F12: =Combined_Weights!H17 -> 0.1071 | G12: =Combined_Weights!H18 -> 0.0894 | H12: =Combined_Weights!H19 -> 0.1942
A13: =TOPSIS!A9 -> A4 | B13: =Combined_Weights!H13 -> 0.2415 | C13: =Combined_Weights!H14 -> 0.1505 | D13: =Combined_Weights!H14 -> 0.1505 | E13: =Combined_Weights!H16 -> 0.1051 | F13: =Combined_Weights!H17 -> 0.1071 | G13: =Combined_Weights!H18 -> 0.0894 | H13: =Combined_Weights!H19 -> 0.1942
A14: =TOPSIS!A10 -> A5 | B14: =Combined_Weights!H13 -> 0.2415 | C14: =Combined_Weights!H14 -> 0.1505 | D14: =Combined_Weights!H14 -> 0.1505 | E14: =Combined_Weights!H16 -> 0.1051 | F14: =Combined_Weights!H17 -> 0.1071 | G14: =Combined_Weights!H18 -> 0.0894 | H14: =Combined_Weights!H19 -> 0.1942
A16: B. Reconstructed Weighted Matrix
A17: Supplier | B17: =TOPSIS!B$5 -> C1 | C17: =TOPSIS!C$5 -> C2 | D17: =TOPSIS!D$5 -> C3 | E17: =TOPSIS!E$5 -> C4 | F17: =TOPSIS!F$5 -> C5 | G17: =TOPSIS!G$5 -> C6 | H17: =TOPSIS!H$5 -> C7
A18: =A10 -> A1 | B18: =TOPSIS!B6*B10 -> 0.04891791 | C18: =TOPSIS!C6*C10 -> 0.02244 | D18: =TOPSIS!D6*D10 -> 0.029786458 | E18: =TOPSIS!E6*E10 -> 0.020707435 | F18: =TOPSIS!F6*F10 -> 0.021130541 | G18: =TOPSIS!G6*G10 -> 0.017252632 | H18: =TOPSIS!H6*H10 -> 0.040404027
A19: =A11 -> A2 | B19: =TOPSIS!B7*B11 -> 0.050462687 | C19: =TOPSIS!C7*C11 -> 0.032608333 | D19: =TOPSIS!D7*D11 -> 0.026651042 | E19: =TOPSIS!E7*E11 -> 0.020316729 | F19: =TOPSIS!F7*F11 -> 0.021709459 | G19: =TOPSIS!G7*G11 -> 0.020389474 | H19: =TOPSIS!H7*H11 -> 0.038666219
A20: =A12 -> A3 | B20: =TOPSIS!B8*B12 -> 0.04788806 | C20: =TOPSIS!C8*C12 -> 0.027591667 | D20: =TOPSIS!D8*D12 -> 0.032921875 | E20: =TOPSIS!E8*E12 -> 0.02227026 | F20: =TOPSIS!F8*F12 -> 0.019972703 | G20: =TOPSIS!G8*G12 -> 0.017252632 | H20: =TOPSIS!H8*H12 -> 0.039969575
A21: =A13 -> A4 | B21: =TOPSIS!B9*B13 -> 0.046858209 | C21: =TOPSIS!C9*C13 -> 0.030936111 | D21: =TOPSIS!D9*D13 -> 0.036057292 | E21: =TOPSIS!E9*E13 -> 0.021879554 | F21: =TOPSIS!F9*F13 -> 0.022288378 | G21: =TOPSIS!G9*G13 -> 0.018821053 | H21: =TOPSIS!H9*H13 -> 0.037797315
A22: =A14 -> A5 | B22: =TOPSIS!B10*B14 -> 0.047373134 | C22: =TOPSIS!C10*C14 -> 0.029263889 | D22: =TOPSIS!D10*D14 -> 0.025083333 | E22: =TOPSIS!E10*E14 -> 0.019926022 | F22: =TOPSIS!F10*F14 -> 0.021998919 | G22: =TOPSIS!G10*G14 -> 0.015684211 | H22: =TOPSIS!H10*H14 -> 0.037362864
A24: C. Published-Path Ideal Solutions and Ranking
A25: Positive ideal | B25: =IF(TOPSIS!B$14="Benefit",MAX(B$18:B$22),MIN(B$18:B$22)) -> 0.050462687 | C25: =IF(TOPSIS!C$14="Benefit",MAX(C$18:C$22),MIN(C$18:C$22)) -> 0.02244 | D25: =IF(TOPSIS!D$14="Benefit",MAX(D$18:D$22),MIN(D$18:D$22)) -> 0.036057292 | E25: =IF(TOPSIS!E$14="Benefit",MAX(E$18:E$22),MIN(E$18:E$22)) -> 0.02227026 | F25: =IF(TOPSIS!F$14="Benefit",MAX(F$18:F$22),MIN(F$18:F$22)) -> 0.022288378 | G25: =IF(TOPSIS!G$14="Benefit",MAX(G$18:G$22),MIN(G$18:G$22)) -> 0.015684211 | H25: =IF(TOPSIS!H$14="Benefit",MAX(H$18:H$22),MIN(H$18:H$22)) -> 0.040404027
A26: Negative ideal | B26: =IF(TOPSIS!B$14="Benefit",MIN(B$18:B$22),MAX(B$18:B$22)) -> 0.046858209 | C26: =IF(TOPSIS!C$14="Benefit",MIN(C$18:C$22),MAX(C$18:C$22)) -> 0.032608333 | D26: =IF(TOPSIS!D$14="Benefit",MIN(D$18:D$22),MAX(D$18:D$22)) -> 0.025083333 | E26: =IF(TOPSIS!E$14="Benefit",MIN(E$18:E$22),MAX(E$18:E$22)) -> 0.019926022 | F26: =IF(TOPSIS!F$14="Benefit",MIN(F$18:F$22),MAX(F$18:F$22)) -> 0.019972703 | G26: =IF(TOPSIS!G$14="Benefit",MIN(G$18:G$22),MAX(G$18:G$22)) -> 0.020389474 | H26: =IF(TOPSIS!H$14="Benefit",MIN(H$18:H$22),MAX(H$18:H$22)) -> 0.037362864
H28: Supplier | I28: Distance to positive S+ | J28: Distance to negative S- | K28: Closeness | L28: Rank
H29: =A18 -> A1 | I29: =SQRT((B18-B$25)^2+(C18-C$25)^2+(D18-D$25)^2+(E18-E$25)^2+(F18-F$25)^2+(G18-G$25)^2+(H18-H$25)^2) -> 0.0069247845 | J29: =SQRT((B18-B$26)^2+(C18-C$26)^2+(D18-D$26)^2+(E18-E$26)^2+(F18-F$26)^2+(G18-G$26)^2+(H18-H$26)^2) -> 0.012279919 | K29: =J29/(I29+J29) -> 0.63942247 | L29: =RANK(K29,$K$29:$K$33,0) -> 1
H30: =A19 -> A2 | I30: =SQRT((B19-B$25)^2+(C19-C$25)^2+(D19-D$25)^2+(E19-E$25)^2+(F19-F$25)^2+(G19-G$25)^2+(H19-H$25)^2) -> 0.014872238 | J30: =SQRT((B19-B$26)^2+(C19-C$26)^2+(D19-D$26)^2+(E19-E$26)^2+(F19-F$26)^2+(G19-G$26)^2+(H19-H$26)^2) -> 0.0045075137 | K30: =J30/(I30+J30) -> 0.23258883 | L30: =RANK(K30,$K$29:$K$33,0) -> 5
H31: =A20 -> A3 | I31: =SQRT((B20-B$25)^2+(C20-C$25)^2+(D20-D$25)^2+(E20-E$25)^2+(F20-F$25)^2+(G20-G$25)^2+(H20-H$25)^2) -> 0.0071421466 | J31: =SQRT((B20-B$26)^2+(C20-C$26)^2+(D20-D$26)^2+(E20-E$26)^2+(F20-F$26)^2+(G20-G$26)^2+(H20-H$26)^2) -> 0.010478571 | K31: =J31/(I31+J31) -> 0.59467334 | L31: =RANK(K31,$K$29:$K$33,0) -> 2
H32: =A21 -> A4 | I32: =SQRT((B21-B$25)^2+(C21-C$25)^2+(D21-D$25)^2+(E21-E$25)^2+(F21-F$25)^2+(G21-G$25)^2+(H21-H$25)^2) -> 0.0100977 | J32: =SQRT((B21-B$26)^2+(C21-C$26)^2+(D21-D$26)^2+(E21-E$26)^2+(F21-F$26)^2+(G21-G$26)^2+(H21-H$26)^2) -> 0.011621163 | K32: =J32/(I32+J32) -> 0.53507235 | L32: =RANK(K32,$K$29:$K$33,0) -> 3
H33: =A22 -> A5 | I33: =SQRT((B22-B$25)^2+(C22-C$25)^2+(D22-D$25)^2+(E22-E$25)^2+(F22-F$25)^2+(G22-G$25)^2+(H22-H$25)^2) -> 0.013833527 | J33: =SQRT((B22-B$26)^2+(C22-C$26)^2+(D22-D$26)^2+(E22-E$26)^2+(F22-F$26)^2+(G22-G$26)^2+(H22-H$26)^2) -> 0.006139667 | K33: =J33/(I33+J33) -> 0.30739535 | L33: =RANK(K33,$K$29:$K$33,0) -> 4

Sheet Validation
A1: Validation Against Published Results
A2: Checks use displayed precision from the paper; small differences may arise from rounding.
A4: Check | B4: Reproduced | C4: Published | D4: Difference | E4: Tolerance | F4: Status | G4: Interpretation | H4: Source
A5: C1 entropy local | B5: =Entropy_Calc!B24 -> 0.3861292 | C5: =Entropy_Calc!B25 -> 0.3862 | D5: =B5-C5 -> -7.0799123e-05 | E5: 0.0002 | F5: =IF(ABS(D5)<=E5,"PASS","CHECK") -> PASS | G5: Entropy equation check | H5: Paper Tables 1-2
A6: C2 entropy local | B6: =Entropy_Calc!C24 -> 0.26412874 | C6: =Entropy_Calc!C25 -> 0.2641 | D6: =B6-C6 -> 2.8735942e-05 | E6: 0.0002 | F6: =IF(ABS(D6)<=E6,"PASS","CHECK") -> PASS | G6: Entropy equation check | H6: Paper Tables 1-2
A7: C3 entropy local | B7: =Entropy_Calc!D24 -> 0.34974206 | C7: =Entropy_Calc!D25 -> 0.3497 | D7: =B7-C7 -> 4.2063181e-05 | E7: 0.0002 | F7: =IF(ABS(D7)<=E7,"PASS","CHECK") -> PASS | G7: Entropy equation check | H7: Paper Tables 1-2
A8: C4 entropy local | B8: =Entropy_Calc!E24 -> 0.61991463 | C8: =Entropy_Calc!E25 -> 0.4658 | D8: =B8-C8 -> 0.15411463 | E8: 0.0002 | F8: =IF(ABS(D8)<=E8,"PASS","CHECK") -> CHECK | G8: Entropy equation check | H8: Paper Tables 1-2
A9: C5 entropy local | B9: =Entropy_Calc!F24 -> 0.38008537 | C9: =Entropy_Calc!F25 -> 0.5342 | D9: =B9-C9 -> -0.15411463 | E9: 0.0002 | F9: =IF(ABS(D9)<=E9,"PASS","CHECK") -> CHECK | G9: Entropy equation check | H9: Paper Tables 1-2
A10: C6 entropy local | B10: =Entropy_Calc!G24 -> 0.41680465 | C10: =Entropy_Calc!G25 -> 0.4168 | D10: =B10-C10 -> 4.6487456e-06 | E10: 0.0002 | F10: =IF(ABS(D10)<=E10,"PASS","CHECK") -> PASS | G10: Entropy equation check | H10: Paper Tables 1-2
A11: C7 entropy local | B11: =Entropy_Calc!H24 -> 0.58319535 | C11: =Entropy_Calc!H25 -> 0.5832 | D11: =B11-C11 -> -4.6487456e-06 | E11: 0.0002 | F11: =IF(ABS(D11)<=E11,"PASS","CHECK") -> PASS | G11: Entropy equation check | H11: Paper Tables 1-2
A12: A1 closeness | B12: =Published_Path!K29 -> 0.63942247 | C12: 0.6395 | D12: =B12-C12 -> -7.7530647e-05 | E12: 0.0002 | F12: =IF(ABS(D12)<=E12,"PASS","CHECK") -> PASS | G12: Published-path reproduction | H12: Paper Table 9
A13: A2 closeness | B13: =Published_Path!K30 -> 0.23258883 | C13: 0.2326 | D13: =B13-C13 -> -1.1168722e-05 | E13: 0.0002 | F13: =IF(ABS(D13)<=E13,"PASS","CHECK") -> PASS | G13: Published-path reproduction | H13: Paper Table 9
A14: A3 closeness | B14: =Published_Path!K31 -> 0.59467334 | C14: 0.5946 | D14: =B14-C14 -> 7.3338061e-05 | E14: 0.0002 | F14: =IF(ABS(D14)<=E14,"PASS","CHECK") -> PASS | G14: Published-path reproduction | H14: Paper Table 9
A15: A4 closeness | B15: =Published_Path!K32 -> 0.53507235 | C15: 0.535 | D15: =B15-C15 -> 7.2349491e-05 | E15: 0.0002 | F15: =IF(ABS(D15)<=E15,"PASS","CHECK") -> PASS | G15: Published-path reproduction | H15: Paper Table 9
A16: A5 closeness | B16: =Published_Path!K33 -> 0.30739535 | C16: 0.3074 | D16: =B16-C16 -> -4.648073e-06 | E16: 0.0002 | F16: =IF(ABS(D16)<=E16,"PASS","CHECK") -> PASS | G16: Published-path reproduction | H16: Paper Table 9
A17: A1 rank | B17: =Published_Path!L29 -> 1 | C17: 1 | D17: =B17-C17 -> 0 | E17: 0 | F17: =IF(ABS(D17)<=E17,"PASS","CHECK") -> PASS | G17: Published-path ranking | H17: Paper Table 10
A18: A2 rank | B18: =Published_Path!L30 -> 5 | C18: 5 | D18: =B18-C18 -> 0 | E18: 0 | F18: =IF(ABS(D18)<=E18,"PASS","CHECK") -> PASS | G18: Published-path ranking | H18: Paper Table 10
A19: A3 rank | B19: =Published_Path!L31 -> 2 | C19: 2 | D19: =B19-C19 -> 0 | E19: 0 | F19: =IF(ABS(D19)<=E19,"PASS","CHECK") -> PASS | G19: Published-path ranking | H19: Paper Table 10
A20: A4 rank | B20: =Published_Path!L32 -> 3 | C20: 3 | D20: =B20-C20 -> 0 | E20: 0 | F20: =IF(ABS(D20)<=E20,"PASS","CHECK") -> PASS | G20: Published-path ranking | H20: Paper Table 10
A21: A5 rank | B21: =Published_Path!L33 -> 4 | C21: 4 | D21: =B21-C21 -> 0 | E21: 0 | F21: =IF(ABS(D21)<=E21,"PASS","CHECK") -> PASS | G21: Published-path ranking | H21: Paper Table 10
A22: Final combined weights total | B22: =Combined_Weights!H21 -> 1 | C22: 1 | D22: =B22-C22 -> 0 | E22: 0.0001 | F22: =IF(ABS(D22)<=E22,"PASS","CHECK") -> PASS | G22: Model integrity | H22: Should total 1
A25: Expected learning outcome: PASS results confirm that a displayed paper value has been reproduced within the stated tolerance. A CHECK result does not automatically mean the workbook is wrong; it may expose rounding, an omitted intermediate step, or an inconsistency in the paper. The Supply Innovation entropy weights are expected to require investigation because the displayed equations and raw data do not reproduce the published local values. The closeness and ranking checks use the explicitly labeled Published_Path; the equation-consistent TOPSIS sheet intentionally shows the different outcome produced by applying every stated weight consistently.
